,RoundNumber,Country,Location,EventName,Session1,Session2,Session3,Session4,Session5,Year,ID,Laps
0,1,Australia,Melbourne,Australian Grand Prix,Practice 1,Practice 2,Practice 3,Qualifying,Race,2018,989,58
1,2,Bahrain,Sakhir,Bahrain Grand Prix,Practice 1,Practice 2,Practice 3,Qualifying,Race,2018,990,57
2,3,China,Shanghai,Chinese Grand Prix,Practice 1,Practice 2,Practice 3,Qualifying,Race,2018,991,56
3,4,Azerbaijan,Baku,Azerbaijan Grand Prix,Practice 1,Practice 2,Practice 3,Qualifying,Race,2018,992,51
4,5,Spain,Barcelona,Spanish Grand Prix,Practice 1,Practice 2,Practice 3,Qualifying,Race,2018,993,66
5,6,Monaco,Monte Carlo,Monaco Grand Prix,Practice 1,Practice 2,Practice 3,Qualifying,Race,2018,994,78
6,7,Canada,Montréal,Canadian Grand Prix,Practice 1,Practice 2,Practice 3,Qualifying,Race,2018,995,68
7,8,France,Le Castellet,French Grand Prix,Practice 1,Practice 2,Practice 3,Qualifying,Race,2018,996,53
8,9,Austria,Spielberg,Austrian Grand Prix,Practice 1,Practice 2,Practice 3,Qualifying,Race,2018,997,71
9,10,Great Britain,Silverstone,British Grand Prix,Practice 1,Practice 2,Practice 3,Qualifying,Race,2018,998,52
10,11,Germany,Hockenheim,German Grand Prix,Practice 1,Practice 2,Practice 3,Qualifying,Race,2018,999,67
11,12,Hungary,Budapest,Hungarian Grand Prix,Practice 1,Practice 2,Practice 3,Qualifying,Race,2018,1000,70
12,13,Belgium,Spa-Francorchamps,Belgian Grand Prix,Practice 1,Practice 2,Practice 3,Qualifying,Race,2018,1001,44
13,14,Italy,Monza,Italian Grand Prix,Practice 1,Practice 2,Practice 3,Qualifying,Race,2018,1002,53
14,15,Singapore,Singapore,Singapore Grand Prix,Practice 1,Practice 2,Practice 3,Qualifying,Race,2018,1003,61
15,16,Russia,Sochi,Russian Grand Prix,Practice 1,Practice 2,Practice 3,Qualifying,Race,2018,1004,53
16,17,Japan,Suzuka,Japanese Grand Prix,Practice 1,Practice 2,Practice 3,Qualifying,Race,2018,1005,53
17,18,United States,Austin,United States Grand Prix,Practice 1,Practice 2,Practice 3,Qualifying,Race,2018,1006,56
18,19,Mexico,Mexico City,Mexican Grand Prix,Practice 1,Practice 2,Practice 3,Qualifying,Race,2018,1007,71
19,20,Brazil,São Paulo,Brazilian Grand Prix,Practice 1,Practice 2,Practice 3,Qualifying,Race,2018,1008,71
20,21,United Arab Emirates,Yas Marina,Abu Dhabi Grand Prix,Practice 1,Practice 2,Practice 3,Qualifying,Race,2018,1009,55
21,1,Australia,Melbourne,Australian Grand Prix,Practice 1,Practice 2,Practice 3,Qualifying,Race,2019,1010,58
22,2,Bahrain,Sakhir,Bahrain Grand Prix,Practice 1,Practice 2,Practice 3,Qualifying,Race,2019,1011,57
23,3,China,Shanghai,Chinese Grand Prix,Practice 1,Practice 2,Practice 3,Qualifying,Race,2019,1012,56
24,4,Azerbaijan,Baku,Azerbaijan Grand Prix,Practice 1,Practice 2,Practice 3,Qualifying,Race,2019,1013,51
25,5,Spain,Barcelona,Spanish Grand Prix,Practice 1,Practice 2,Practice 3,Qualifying,Race,2019,1014,66
26,6,Monaco,Monte Carlo,Monaco Grand Prix,Practice 1,Practice 2,Practice 3,Qualifying,Race,2019,1015,78
27,7,Canada,Montréal,Canadian Grand Prix,Practice 1,Practice 2,Practice 3,Qualifying,Race,2019,1016,70
28,8,France,Le Castellet,French Grand Prix,Practice 1,Practice 2,Practice 3,Qualifying,Race,2019,1017,53
29,9,Austria,Spielberg,Austrian Grand Prix,Practice 1,Practice 2,Practice 3,Qualifying,Race,2019,1018,71
30,10,Great Britain,Silverstone,British Grand Prix,Practice 1,Practice 2,Practice 3,Qualifying,Race,2019,1019,52
31,11,Germany,Hockenheim,German Grand Prix,Practice 1,Practice 2,Practice 3,Qualifying,Race,2019,1020,64
32,12,Hungary,Budapest,Hungarian Grand Prix,Practice 1,Practice 2,Practice 3,Qualifying,Race,2019,1021,70
33,13,Belgium,Spa-Francorchamps,Belgian Grand Prix,Practice 1,Practice 2,Practice 3,Qualifying,Race,2019,1022,44
34,14,Italy,Monza,Italian Grand Prix,Practice 1,Practice 2,Practice 3,Qualifying,Race,2019,1023,53
35,15,Singapore,Singapore,Singapore Grand Prix,Practice 1,Practice 2,Practice 3,Qualifying,Race,2019,1024,61
36,16,Russia,Sochi,Russian Grand Prix,Practice 1,Practice 2,Practice 3,Qualifying,Race,2019,1025,53
37,17,Japan,Suzuka,Japanese Grand Prix,Practice 1,Practice 2,Practice 3,Qualifying,Race,2019,1026,52
38,18,Mexico,Mexico City,Mexican Grand Prix,Practice 1,Practice 2,Practice 3,Qualifying,Race,2019,1027,71
39,19,United States,Austin,United States Grand Prix,Practice 1,Practice 2,Practice 3,Qualifying,Race,2019,1028,56
40,20,Brazil,São Paulo,Brazilian Grand Prix,Practice 1,Practice 2,Practice 3,Qualifying,Race,2019,1029,71
41,21,Abu Dhabi,Yas Island,Abu Dhabi Grand Prix,Practice 1,Practice 2,Practice 3,Qualifying,Race,2019,1030,55
42,1,Austria,Spielberg,Austrian Grand Prix,Practice 1,Practice 2,Practice 3,Qualifying,Race,2020,1031,71
43,2,Austria,Spielberg,Styrian Grand Prix,Practice 1,Practice 2,Practice 3,Qualifying,Race,2020,1032,71
44,3,Hungary,Budapest,Hungarian Grand Prix,Practice 1,Practice 2,Practice 3,Qualifying,Race,2020,1033,70
45,4,Great Britain,Silverstone,British Grand Prix,Practice 1,Practice 2,Practice 3,Qualifying,Race,2020,1034,52
46,5,Great Britain,Silverstone,70th Anniversary Grand Prix,Practice 1,Practice 2,Practice 3,Qualifying,Race,2020,1035,52
47,6,Spain,Barcelona,Spanish Grand Prix,Practice 1,Practice 2,Practice 3,Qualifying,Race,2020,1036,66
48,7,Belgium,Spa-Francorchamps,Belgian Grand Prix,Practice 1,Practice 2,Practice 3,Qualifying,Race,2020,1037,44
49,8,Italy,Monza,Italian Grand Prix,Practice 1,Practice 2,Practice 3,Qualifying,Race,2020,1038,53
50,9,Italy,Mugello,Tuscan Grand Prix,Practice 1,Practice 2,Practice 3,Qualifying,Race,2020,1039,59
51,10,Russia,Sochi,Russian Grand Prix,Practice 1,Practice 2,Practice 3,Qualifying,Race,2020,1040,53
52,11,Germany,Nürburgring,Eifel Grand Prix,Practice 1,Practice 2,Practice 3,Qualifying,Race,2020,1041,60
53,12,Portugal,Portimão,Portuguese Grand Prix,Practice 1,Practice 2,Practice 3,Qualifying,Race,2020,1042,66
54,13,Italy,Imola,Emilia Romagna Grand Prix,Practice 1,,,Qualifying,Race,2020,1043,63
55,14,Turkey,Istanbul,Turkish Grand Prix,Practice 1,Practice 2,Practice 3,Qualifying,Race,2020,1044,58
56,15,Bahrain,Sakhir,Bahrain Grand Prix,Practice 1,Practice 2,Practice 3,Qualifying,Race,2020,1045,57
57,16,Bahrain,Sakhir,Sakhir Grand Prix,Practice 1,Practice 2,Practice 3,Qualifying,Race,2020,1046,87
58,17,Abu Dhabi,Yas Island,Abu Dhabi Grand Prix,Practice 1,Practice 2,Practice 3,Qualifying,Race,2020,1047,55
59,1,Bahrain,Sakhir,Bahrain Grand Prix,Practice 1,Practice 2,Practice 3,Qualifying,Race,2021,1052,56
60,2,Italy,Imola,Emilia Romagna Grand Prix,Practice 1,Practice 2,Practice 3,Qualifying,Race,2021,1053,63
61,3,Portugal,Portimão,Portuguese Grand Prix,Practice 1,Practice 2,Practice 3,Qualifying,Race,2021,1054,66
62,4,Spain,Barcelona,Spanish Grand Prix,Practice 1,Practice 2,Practice 3,Qualifying,Race,2021,1055,66
63,5,Monaco,Monte Carlo,Monaco Grand Prix,Practice 1,Practice 2,Practice 3,Qualifying,Race,2021,1056,78
64,6,Azerbaijan,Baku,Azerbaijan Grand Prix,Practice 1,Practice 2,Practice 3,Qualifying,Race,2021,1057,51
65,7,France,Le Castellet,French Grand Prix,Practice 1,Practice 2,Practice 3,Qualifying,Race,2021,1059,53
66,8,Austria,Spielberg,Styrian Grand Prix,Practice 1,Practice 2,Practice 3,Qualifying,Race,2021,1058,71
67,9,Austria,Spielberg,Austrian Grand Prix,Practice 1,Practice 2,Practice 3,Qualifying,Race,2021,1060,71
68,10,Great Britain,Silverstone,British Grand Prix,Practice 1,Qualifying,Practice 2,Sprint,Race,2021,1061,52
69,11,Hungary,Budapest,Hungarian Grand Prix,Practice 1,Practice 2,Practice 3,Qualifying,Race,2021,1062,70
70,12,Belgium,Spa-Francorchamps,Belgian Grand Prix,Practice 1,Practice 2,Practice 3,Qualifying,,2021,1063,1
71,13,Netherlands,Zandvoort,Dutch Grand Prix,Practice 1,Practice 2,Practice 3,Qualifying,Race,2021,1064,72
72,14,Italy,Monza,Italian Grand Prix,Practice 1,Qualifying,Practice 2,Sprint,Race,2021,1065,53
73,15,Russia,Sochi,Russian Grand Prix,Practice 1,Practice 2,Practice 3,Qualifying,Race,2021,1066,53
74,16,Turkey,Istanbul,Turkish Grand Prix,Practice 1,Practice 2,Practice 3,Qualifying,Race,2021,1067,58
75,17,United States,Austin,United States Grand Prix,Practice 1,Practice 2,Practice 3,Qualifying,Race,2021,1069,56
76,18,Mexico,Mexico City,Mexico City Grand Prix,Practice 1,Practice 2,Practice 3,Qualifying,Race,2021,1070,71
77,19,Brazil,São Paulo,São Paulo Grand Prix,Practice 1,Qualifying,Practice 2,Sprint,Race,2021,1071,71
78,20,Qatar,Lusail,Qatar Grand Prix,Practice 1,Practice 2,Practice 3,Qualifying,Race,2021,1051,57
79,21,Saudi Arabia,Jeddah,Saudi Arabian Grand Prix,Practice 1,Practice 2,Practice 3,Qualifying,Race,2021,1072,50
80,22,Abu Dhabi,Yas Island,Abu Dhabi Grand Prix,Practice 1,Practice 2,Practice 3,Qualifying,Race,2021,1073,58
81,1,Bahrain,Sakhir,Bahrain Grand Prix,Practice 1,Practice 2,Practice 3,Qualifying,Race,2022,1074,57
82,2,Saudi Arabia,Jeddah,Saudi Arabian Grand Prix,Practice 1,Practice 2,Practice 3,Qualifying,Race,2022,1075,50
83,3,Australia,Melbourne,Australian Grand Prix,Practice 1,Practice 2,Practice 3,Qualifying,Race,2022,1076,58
84,4,Italy,Imola,Emilia Romagna Grand Prix,Practice 1,Qualifying,Practice 2,Sprint,Race,2022,1077,63
85,5,United States,Miami,Miami Grand Prix,Practice 1,Practice 2,Practice 3,Qualifying,Race,2022,1078,57
86,6,Spain,Barcelona,Spanish Grand Prix,Practice 1,Practice 2,Practice 3,Qualifying,Race,2022,1079,66
87,7,Monaco,Monaco,Monaco Grand Prix,Practice 1,Practice 2,Practice 3,Qualifying,,2022,1080,64
88,8,Azerbaijan,Baku,Azerbaijan Grand Prix,Practice 1,Practice 2,Practice 3,Qualifying,Race,2022,1081,51
89,9,Canada,Montréal,Canadian Grand Prix,Practice 1,Practice 2,Practice 3,Qualifying,Race,2022,1082,70
90,10,Great Britain,Silverstone,British Grand Prix,Practice 1,Practice 2,Practice 3,Qualifying,Race,2022,1083,52
91,11,Austria,Spielberg,Austrian Grand Prix,Practice 1,Qualifying,Practice 2,Sprint,Race,2022,1084,71
92,12,France,Le Castellet,French Grand Prix,Practice 1,Practice 2,Practice 3,Qualifying,Race,2022,1085,53
93,13,Hungary,Budapest,Hungarian Grand Prix,Practice 1,Practice 2,Practice 3,Qualifying,Race,2022,1086,70
94,14,Belgium,Spa-Francorchamps,Belgian Grand Prix,Practice 1,Practice 2,Practice 3,Qualifying,Race,2022,1087,44
95,15,Netherlands,Zandvoort,Dutch Grand Prix,Practice 1,Practice 2,Practice 3,Qualifying,Race,2022,1088,72
96,16,Italy,Monza,Italian Grand Prix,Practice 1,Practice 2,Practice 3,Qualifying,Race,2022,1089,53
97,17,Singapore,Marina Bay,Singapore Grand Prix,Practice 1,Practice 2,Practice 3,Qualifying,Race,2022,1091,59
98,18,Japan,Suzuka,Japanese Grand Prix,Practice 1,Practice 2,Practice 3,Qualifying,Race,2022,1092,28
99,19,United States,Austin,United States Grand Prix,Practice 1,Practice 2,Practice 3,Qualifying,Race,2022,1093,56
100,20,Mexico,Mexico City,Mexico City Grand Prix,Practice 1,Practice 2,Practice 3,Qualifying,Race,2022,1094,71
101,21,Brazil,São Paulo,São Paulo Grand Prix,Practice 1,Qualifying,Practice 2,Sprint,Race,2022,1095,71
102,22,Abu Dhabi,Yas Island,Abu Dhabi Grand Prix,Practice 1,Practice 2,Practice 3,Qualifying,Race,2022,1096,58
103,1,Bahrain,Sakhir,Bahrain Grand Prix,Practice 1,Practice 2,Practice 3,Qualifying,Race,2023,1098,57
104,2,Saudi Arabia,Jeddah,Saudi Arabian Grand Prix,Practice 1,Practice 2,Practice 3,Qualifying,Race,2023,1099,50
105,3,Australia,Melbourne,Australian Grand Prix,Practice 1,Practice 2,Practice 3,Qualifying,Race,2023,1100,58
106,4,Azerbaijan,Baku,Azerbaijan Grand Prix,Practice 1,Qualifying,Sprint Shootout,Sprint,Race,2023,1101,51
107,5,United States,Miami,Miami Grand Prix,Practice 1,Practice 2,Practice 3,Qualifying,Race,2023,1102,57
108,6,Monaco,Monaco,Monaco Grand Prix,Practice 1,Practice 2,Practice 3,Qualifying,Race,2023,1104,78
109,7,Spain,Barcelona,Spanish Grand Prix,Practice 1,Practice 2,Practice 3,Qualifying,Race,2023,1105,66
110,8,Canada,Montréal,Canadian Grand Prix,Practice 1,Practice 2,Practice 3,Qualifying,Race,2023,1106,70
111,9,Austria,Spielberg,Austrian Grand Prix,Practice 1,Qualifying,Sprint Shootout,Sprint,Race,2023,1107,71
112,10,Great Britain,Silverstone,British Grand Prix,Practice 1,Practice 2,Practice 3,Qualifying,Race,2023,1108,52
113,11,Hungary,Budapest,Hungarian Grand Prix,Practice 1,Practice 2,Practice 3,Qualifying,Race,2023,1109,70
114,12,Belgium,Spa-Francorchamps,Belgian Grand Prix,Practice 1,Qualifying,Sprint Shootout,Sprint,Race,2023,1110,44
115,13,Netherlands,Zandvoort,Dutch Grand Prix,Practice 1,Practice 2,Practice 3,Qualifying,Race,2023,1111,72
116,14,Italy,Monza,Italian Grand Prix,Practice 1,Practice 2,Practice 3,Qualifying,Race,2023,1112,51
117,15,Singapore,Marina Bay,Singapore Grand Prix,Practice 1,Practice 2,Practice 3,Qualifying,Race,2023,1113,62
118,16,Japan,Suzuka,Japanese Grand Prix,Practice 1,Practice 2,Practice 3,Qualifying,Race,2023,1114,53
119,17,Qatar,Lusail,Qatar Grand Prix,Practice 1,Qualifying,Sprint Shootout,Sprint,Race,2023,1115,57
120,18,United States,Austin,United States Grand Prix,Practice 1,Qualifying,Sprint Shootout,Sprint,Race,2023,1116,56
121,19,Mexico,Mexico City,Mexico City Grand Prix,Practice 1,Practice 2,Practice 3,Qualifying,Race,2023,1117,71
122,20,Brazil,São Paulo,São Paulo Grand Prix,Practice 1,Qualifying,Sprint Shootout,Sprint,Race,2023,1118,71
123,21,United States,Las Vegas,Las Vegas Grand Prix,Practice 1,Practice 2,Practice 3,Qualifying,Race,2023,1119,50
124,22,Abu Dhabi,Yas Island,Abu Dhabi Grand Prix,Practice 1,Practice 2,Practice 3,Qualifying,Race,2023,1120,58
125,1,Bahrain,Sakhir,Bahrain Grand Prix,Practice 1,Practice 2,Practice 3,Qualifying,Race,2024,1121,57
126,2,Saudi Arabia,Jeddah,Saudi Arabian Grand Prix,Practice 1,Practice 2,Practice 3,Qualifying,Race,2024,1122,50
127,3,Australia,Melbourne,Australian Grand Prix,Practice 1,Practice 2,Practice 3,Qualifying,Race,2024,1123,58
128,4,Japan,Suzuka,Japanese Grand Prix,Practice 1,Practice 2,Practice 3,Qualifying,Race,2024,1124,53
129,5,China,Shanghai,Chinese Grand Prix,Practice 1,Sprint Qualifying,Sprint,Qualifying,Race,2024,1125,56
130,6,United States,Miami,Miami Grand Prix,Practice 1,Sprint Qualifying,Sprint,Qualifying,Race,2024,1126,57
131,7,Italy,Imola,Emilia Romagna Grand Prix,Practice 1,Practice 2,Practice 3,Qualifying,Race,2024,1127,63
132,8,Monaco,Monaco,Monaco Grand Prix,Practice 1,Practice 2,Practice 3,Qualifying,Race,2024,1128,78
133,9,Canada,Montréal,Canadian Grand Prix,Practice 1,Practice 2,Practice 3,Qualifying,Race,2024,1129,70
134,10,Spain,Barcelona,Spanish Grand Prix,Practice 1,Practice 2,Practice 3,Qualifying,Race,2024,1130,66
135,11,Austria,Spielberg,Austrian Grand Prix,Practice 1,Sprint Qualifying,Sprint,Qualifying,Race,2024,1131,71
136,12,United Kingdom,Silverstone,British Grand Prix,Practice 1,Practice 2,Practice 3,Qualifying,Race,2024,1132,52
137,13,Hungary,Budapest,Hungarian Grand Prix,Practice 1,Practice 2,Practice 3,Qualifying,Race,2024,1133,70
138,14,Belgium,Spa-Francorchamps,Belgian Grand Prix,Practice 1,Practice 2,Practice 3,Qualifying,Race,2024,1134,44
139,15,Netherlands,Zandvoort,Dutch Grand Prix,Practice 1,Practice 2,Practice 3,Qualifying,Race,2024,1135,72
140,16,Italy,Monza,Italian Grand Prix,Practice 1,Practice 2,Practice 3,Qualifying,Race,2024,1136,53
141,17,Azerbaijan,Baku,Azerbaijan Grand Prix,Practice 1,Practice 2,Practice 3,Qualifying,Race,2024,1137,51
142,18,Singapore,Marina Bay,Singapore Grand Prix,Practice 1,Practice 2,Practice 3,Qualifying,Race,2024,1138,62
143,19,United States,Austin,United States Grand Prix,Practice 1,Sprint Qualifying,Sprint,Qualifying,Race,2024,1139,56
144,20,Mexico,Mexico City,Mexico City Grand Prix,Practice 1,Practice 2,Practice 3,Qualifying,Race,2024,1140,71
145,21,Brazil,São Paulo,São Paulo Grand Prix,Practice 1,Sprint Qualifying,Sprint,Qualifying,Race,2024,1141,69
146,22,United States,Las Vegas,Las Vegas Grand Prix,Practice 1,Practice 2,Practice 3,Qualifying,Race,2024,1142,50
147,23,Qatar,Lusail,Qatar Grand Prix,Practice 1,Sprint Qualifying,Sprint,Qualifying,Race,2024,1143,57
148,24,United Arab Emirates,Yas Island,Abu Dhabi Grand Prix,Practice 1,Practice 2,Practice 3,Qualifying,Race,2024,1144,58
149,1,Australia,Melbourne,Australian Grand Prix,Practice 1,Practice 2,Practice 3,Qualifying,Race,2025,1145,57
150,2,China,Shanghai,Chinese Grand Prix,Practice 1,Sprint Qualifying,Sprint,Qualifying,Race,2025,1146,56
151,3,Japan,Suzuka,Japanese Grand Prix,Practice 1,Practice 2,Practice 3,Qualifying,Race,2025,1147,53
152,4,Bahrain,Sakhir,Bahrain Grand Prix,Practice 1,Practice 2,Practice 3,Qualifying,Race,2025,1148,57
153,5,Saudi Arabia,Jeddah,Saudi Arabian Grand Prix,Practice 1,Practice 2,Practice 3,Qualifying,Race,2025,1149,50
154,6,United States,Miami Gardens,Miami Grand Prix,Practice 1,Sprint Qualifying,Sprint,Qualifying,Race,2025,1150,57
155,7,Italy,Imola,Emilia Romagna Grand Prix,Practice 1,Practice 2,Practice 3,Qualifying,Race,2025,1151,63
156,8,Monaco,Monaco,Monaco Grand Prix,Practice 1,Practice 2,Practice 3,Qualifying,Race,2025,1152,78
157,9,Spain,Barcelona,Spanish Grand Prix,Practice 1,Practice 2,Practice 3,Qualifying,Race,2025,1153,66
158,10,Canada,Montréal,Canadian Grand Prix,Practice 1,Practice 2,Practice 3,Qualifying,Race,2025,1154,70
159,11,Austria,Spielberg,Austrian Grand Prix,Practice 1,Practice 2,Practice 3,Qualifying,Race,2025,1155,70
160,12,United Kingdom,Silverstone,British Grand Prix,Practice 1,Practice 2,Practice 3,Qualifying,Race,2025,1156,52
161,13,Belgium,Spa-Francorchamps,Belgian Grand Prix,Practice 1,Sprint Qualifying,Sprint,Qualifying,Race,2025,1157,44
162,14,Hungary,Budapest,Hungarian Grand Prix,Practice 1,Practice 2,Practice 3,Qualifying,Race,2025,1158,70
163,15,Netherlands,Zandvoort,Dutch Grand Prix,Practice 1,Practice 2,Practice 3,Qualifying,Race,2025,1159,72
164,16,Italy,Monza,Italian Grand Prix,Practice 1,Practice 2,Practice 3,Qualifying,Race,2025,1160,53
165,17,Azerbaijan,Baku,Azerbaijan Grand Prix,Practice 1,Practice 2,Practice 3,Qualifying,Race,2025,1161,51
166,18,Singapore,Marina Bay,Singapore Grand Prix,Practice 1,Practice 2,Practice 3,Qualifying,Race,2025,1162,62
167,19,United States,Austin,United States Grand Prix,Practice 1,Sprint Qualifying,Sprint,Qualifying,Race,2025,1163,56
168,20,Mexico,Mexico City,Mexico City Grand Prix,Practice 1,Practice 2,Practice 3,Qualifying,Race,2025,1164,71
169,21,Brazil,São Paulo,São Paulo Grand Prix,Practice 1,Sprint Qualifying,Sprint,Qualifying,Race,2025,1165,71
170,22,United States,Las Vegas,Las Vegas Grand Prix,Practice 1,Practice 2,Practice 3,Qualifying,Race,2025,1166,50
171,23,Qatar,Lusail,Qatar Grand Prix,Practice 1,Sprint Qualifying,Sprint,Qualifying,Race,2025,1167,57
172,24,United Arab Emirates,Yas Island,Abu Dhabi Grand Prix,Practice 1,Practice 2,Practice 3,Qualifying,Race,2025,1168,58
173,1,Australia,Melbourne,Australian Grand Prix,Practice 1,Practice 2,Practice 3,Qualifying,Race,2026,1169,58
174,2,China,Shanghai,Chinese Grand Prix,Practice 1,Sprint Qualifying,Sprint,Qualifying,Race,2026,1170,56
175,3,Japan,Suzuka,Japanese Grand Prix,Practice 1,Practice 2,Practice 3,Qualifying,Race,2026,1171,53
176,4,United States,Miami Gardens,Miami Grand Prix,Practice 1,Sprint Qualifying,Sprint,Qualifying,Race,2026,1172,57
177,5,Canada,Montréal,Canadian Grand Prix,Practice 1,Sprint Qualifying,Sprint,Qualifying,Race,2026,1173,68
178,6,Monaco,Monte Carlo,Monaco Grand Prix,Practice 1,Practice 2,Practice 3,Qualifying,Race,2026,1174,78
179,7,Spain,Barcelona,Barcelona Grand Prix,Practice 1,Practice 2,Practice 3,Qualifying,Race,2026,1175,66
180,8,Austria,Spielberg,Austrian Grand Prix,Practice 1,Practice 2,Practice 3,Qualifying,Race,2026,1176,71
181,9,United Kingdom,Silverstone,British Grand Prix,Practice 1,Sprint Qualifying,Sprint,Qualifying,Race,2026,1177,52
182,10,Belgium,Spa-Francorchamps,Belgian Grand Prix,Practice 1,Practice 2,Practice 3,Qualifying,Race,2026,1178,44
183,11,Hungary,Budapest,Hungarian Grand Prix,Practice 1,Practice 2,Practice 3,Qualifying,Race,2026,1179,70
184,12,Netherlands,Zandvoort,Dutch Grand Prix,Practice 1,Sprint Qualifying,Sprint,Qualifying,Race,2026,1180,72